{"cameraMode":{"drawMode":0,"name":"Shaded","section":"Shading Mode"},"sceneLighting":true,"audioPlay":false,"sceneViewState":{"showFog":true,"showMaterialUpdate":false,"showSkybox":true,"showFlares":true,"showImageEffects":true,"showParticleSystems":true},"in2DMode":false,"pivot":{"x":338.7903137207031,"y":418.00897216796877,"z":73.82965087890625},"rotation":{"x":-0.022807642817497255,"y":-0.005401290021836758,"z":0.00012375677761156112,"w":-0.9997295141220093},"size":426.9176940917969,"orthographic":false}